{"_id":{"$oid":"5bdd9d319eea901fa0ff9b66"},"sid":1121,"first_name":"Rita","last_name":"Solertan","midterm":82,"final":85,"major":"CIT"}
{"_id":{"$oid":"5bdd9d319eea901fa0ff9b67"},"sid":1398,"first_name":"Rivka","last_name":"Alexander","midterm":86,"final":94,"major":"BUS"}
{"_id":{"$oid":"5bdd9d319eea901fa0ff9b68"},"sid":1498,"first_name":"Ned","last_name":"Ramos","midterm":0,"final":0,"major":"BUS"}
{"_id":{"$oid":"5bdd9d319eea901fa0ff9b69"},"sid":1675,"first_name":"Jon","last_name":"Martinez","midterm":0,"final":0,"major":"WEB"}
{"_id":{"$oid":"5bdd9d319eea901fa0ff9b6a"},"sid":1686,"first_name":"Carl","last_name":"McElan","midterm":0,"final":0,"major":"WEB"}
{"_id":{"$oid":"5bdd9d319eea901fa0ff9b6b"},"sid":1842,"first_name":"Bob","last_name":"Palla","midterm":0,"final":0,"major":"CIT"}
{"_id":{"$oid":"5bdd9d319eea901fa0ff9b6c"},"sid":1870,"first_name":"Tilda","last_name":"Downey","midterm":0,"final":0,"major":"CIT"}
{"_id":{"$oid":"5bdd9d319eea901fa0ff9b6d"},"sid":2059,"first_name":"Mary","last_name":"Proth","midterm":0,"final":0,"major":"CIT"}
{"_id":{"$oid":"5bdd9d319eea901fa0ff9b6e"},"sid":2191,"first_name":"Zelda","last_name":"Rowe","midterm":0,"final":0,"major":"BUS"}
{"_id":{"$oid":"5bdd9d319eea901fa0ff9b6f"},"sid":2268,"first_name":"Alice","last_name":"Vonna","midterm":0,"final":0,"major":"CIT"}
{"_id":{"$oid":"5bdd9d319eea901fa0ff9b70"},"sid":2355,"first_name":"Manny","last_name":"Alvarez","midterm":0,"final":0,"major":"CIT"}
{"_id":{"$oid":"5bdd9d319eea901fa0ff9b71"},"sid":2453,"first_name":"Sally","last_name":"Eldorodo","midterm":0,"final":0,"major":"CIT"}
{"_id":{"$oid":"5bdd9d319eea901fa0ff9b72"},"sid":2467,"first_name":"Jena","last_name":"Hardy","midterm":0,"final":0,"major":"CIT"}
{"_id":{"$oid":"5bdd9d319eea901fa0ff9b73"},"sid":2575,"first_name":"Donald","last_name":"Bennett","midterm":0,"final":0,"major":"CIT"}
{"_id":{"$oid":"5bdd9d319eea901fa0ff9b74"},"sid":2579,"first_name":"Jack","last_name":"Bass","midterm":0,"final":0,"major":"CIT"}
{"_id":{"$oid":"5bdd9d319eea901fa0ff9b75"},"sid":2588,"first_name":"Rick","last_name":"Cildaro","midterm":0,"final":0,"major":"BUS"}
{"_id":{"$oid":"5bdd9d319eea901fa0ff9b76"},"sid":2756,"first_name":"Dave","last_name":"Bean","midterm":0,"final":0,"major":"CIT"}
{"_id":{"$oid":"5bdd9d319eea901fa0ff9b77"},"sid":3117,"first_name":"Jenn","last_name":"Labanda","midterm":0,"final":0,"major":"EET"}
{"_id":{"$oid":"5bdd9d319eea901fa0ff9b78"},"sid":3726,"first_name":"Elle","last_name":"Rose","midterm":0,"final":0,"major":"CIT"}
{"_id":{"$oid":"5bdd9d319eea901fa0ff9b79"},"sid":3968,"first_name":"Larissa","last_name":"Tolfer","midterm":0,"final":0,"major":"EET"}
{"_id":{"$oid":"5bdd9d319eea901fa0ff9b7a"},"sid":3983,"first_name":"Jenna","last_name":"Mamiya","midterm":0,"final":0,"major":"CIT"}
{"_id":{"$oid":"5bdd9d319eea901fa0ff9b7b"},"sid":4235,"first_name":"Jayson","last_name":"Matherson","midterm":0,"final":0,"major":"CIT"}
{"_id":{"$oid":"5bdd9d319eea901fa0ff9b7c"},"sid":4982,"first_name":"Karl","last_name":"Riccardo","midterm":0,"final":0,"major":"CIT"}
{"_id":{"$oid":"5bdd9d319eea901fa0ff9b7d"},"sid":4991,"first_name":"Clevon","last_name":"Forrester","midterm":0,"final":0,"major":"EET"}
{"_id":{"$oid":"5bdd9d319eea901fa0ff9b7e"},"sid":5435,"first_name":"Joyce","last_name":"Harden","midterm":0,"final":0,"major":"CIT"}
{"_id":{"$oid":"5bdd9d319eea901fa0ff9b7f"},"sid":5462,"first_name":"Moses","last_name":"Fernandez","midterm":0,"final":0,"major":"WEB"}
{"_id":{"$oid":"5bdd9d319eea901fa0ff9b80"},"sid":6084,"first_name":"Albert","last_name":"Morris","midterm":0,"final":0,"major":"CIT"}
{"_id":{"$oid":"5bdd9d319eea901fa0ff9b81"},"sid":6241,"first_name":"Aaron","last_name":"Lee","midterm":0,"final":0,"major":"EET"}
{"_id":{"$oid":"5bdda2b54c6cce142086d281"},"sid":1001,"first_name":"Jack","last_name":"Wilson","midterm":0,"final":0,"major":"BUS","__v":0}
{"_id":{"$oid":"5be895c0cfafc1115c823d13"},"sid":1002,"last_name":"Frost","first_name":"Jack","major":"BUS","midterm":0,"final":0,"__v":0}
{"_id":{"$oid":"5be8966d4a970511684300df"},"sid":1003,"last_name":"James","first_name":"Henry","major":"WEB","midterm":0,"final":0,"__v":0}
{"_id":{"$oid":"5be96d8e1170331e24022d6e"},"sid":1006,"last_name":"Smith","first_name":"Joe","major":"WEB","midterm":0,"final":0,"__v":0}
{"_id":{"$oid":"5be971d61170331e24022d6f"},"sid":1009,"last_name":"Wileson","first_name":"Ann","major":"BUS","midterm":0,"final":0,"__v":0}
